<odoo>

	<data>
		<record model="ir.module.category" id="academy">
			<field name="name">Academy</field>
			<field name="description">Viindoo Education</field>
			<field name="sequence">10</field>
		</record>
		
		<record id="academy_user" model="res.groups">
			<field name="name">User</field>
			<field name="category_id" ref="academy" />
			<field name="comment">Users belong to this group can read write edit write Class </field>
		</record>
		
		<record id="academy_admin" model="res.groups">
			<field name="name">Manager</field>
			<field name="implied_ids" eval="[(4, ref('academy_user'))]" />
			<field name="category_id" ref="academy" />
			<field name="users" eval="[(4, ref('base.user_root')), (4, ref('base.user_admin'))]" />
			<field name="comment">Users belong to this group have full Access</field>
		</record>
	</data>
	
	<data>
		<record id="academy_base_rule" model="ir.rule">
			<field name="name">Academy Base Rule</field>
			<field name="model_id" ref="model_education_class"></field>
			<field name="groups" eval="[(4, ref('base.group_user'))]"></field>
			<field name="domain_force">[('student_ids.user_id', '=', user.id)]</field>
			<field eval="1" name="perm_read" />
			<field eval="0" name="perm_write" />
			<field eval="0" name="perm_unlink" />
			<field eval="0" name="perm_create" />
		</record>
		<record id="academy_user_rule" model="ir.rule">
			<field name="name">Academy User Rule</field>
			<field name="model_id" ref="model_education_class"></field>
			<field name="groups" eval="[(ref('academy_user'))]"></field>
			<field name="domain_force">['|',('create_uid', '=', user.id),('responsible_id', '=', user.id)]</field>
			<field eval="1" name="perm_read" />
			<field eval="1" name="perm_write" />
			<field eval="1" name="perm_unlink" />
			<field eval="1" name="perm_create" />
		</record>
		<record id="academy_admin_rule" model="ir.rule">
			<field name="name">Academy Admin Rule</field>
			<field name="model_id" ref="model_education_class"></field>
			<field name="groups" eval="[(ref('academy_admin'))]"></field>
			<field name="domain_force">[(1, '=', 1)]</field>
			<field eval="1" name="perm_read" />
			<field eval="1" name="perm_write" />
			<field eval="1" name="perm_unlink" />
			<field eval="1" name="perm_create" />
		</record>
	</data>
	
</odoo>
