id,name,model_id:id,group_id:id,perm_read,perm_write,perm_create,perm_unlink
access_education_class_base,education_class,model_education_class,base.group_user,1,0,0,0
access_education_student_base,education_student,model_education_student,base.group_user,1,0,0,0
access_education_class_user,education_class,model_education_class,academy_user,1,1,1,1
access_education_ethnic_user,education_student_ethnic,model_education_student_ethnic,academy_admin,1,1,1,1
access_education_student_admin,education_student,model_education_student,academy_admin,1,1,1,1
access_academy_enrollment_admin,academy_enrollment,model_academy_enrollment,academy_admin,1,1,1,1
access_enroll_students_admin,enroll_students,model_enroll_students,academy_admin,1,1,1,1
